id,timestamp,label,confidence,moved,text,phishing_label,phishing_confidence,risk_level
996f9dd313d7,2026-08-11T01:43:07,ham,0.9999,,"Hey, running ten minutes late, see you soon",,,
58308b002227,2026-08-11T01:52:36,ham,0.9178,,"Hi Priya, are we still on for the 3pm design review? I pushed the slides.",,,
935f91cf51db,2026-08-11T01:53:30,ham,1.0000,yes,Lunch at one? I booked the usual place near the office.,,,
fa7845b66cd8,2026-09-21T11:17:37,ham,0.9997,,"Your Microsoft Teams meeting reminder

Hello Rahesh,

This is a reminder that your Microsoft Teams meeting is scheduled for tomorrow at 10:00 AM.

Meeting: Weekly Project Review
Date: Tuesday, September 22
Time: 10:00 AM

You can join the meeting using the calendar invitation in your Microsoft Teams application.

Regards,
Project Team",,,
